{
  "F#": 0.132013367124,
  "D": 0.106655844332,
  "C": 0.104606281838,
  "A": 0.0985865614771,
  "E": 0.0967781630221,
  "G": 0.0857477233356,
  "B": 0.0856165044233,
  "A#": 0.0708514167568,
  "F": 0.0621215085051,
  "D#": 0.0576350667081,
  "G#": 0.0517484760037,
  "C#": 0.0476390864746
}
